Type (Head),Thread,Lenghth,Color (Material),Special icon,Link TME,Link2,Link3,Link spojovaci material,,
Washer,2,,,,https://www.tme.eu/cz/details/b2_bn715/podlozky/bossard/1267612/,,,http://www.spojovaci-material.net/sp/podlozky/ploche/din125a-pod-sestihran/ocel-100hv/bez-povrchove-upravy/podlozka-plocha-din-125a-m2-2-2-19206.html,,
Washer,2,,Plastic,,https://www.tme.eu/cz/details/b2_bn1074/podlozky/bossard/8110867/,,,http://www.spojovaci-material.net/sp/podlozky/ploche/din125a-pod-sestihran/plast/pa/podlozka-plocha-din-125a-m2-2-2-plastova-19259.html,,
Nut,M2,,,,https://www.tme.eu/cz/details/b2_bn109/matice/bossard/1088211/,,,http://www.spojovaci-material.net/sp/matice/sestihranne/presne-din-934/ocel-tridy-6/pozink/matice-din-934-m2-06-pozink-6738.html,,
Lock nut,M2,,,,https://www.tme.eu/cz/details/b2_bn161/matice/bossard/1952935/,,,,,
Insert,M2,,,,https://www.tme.eu/cz/details/kvt-001m2/zavitove-vlozky/tappex/001m2/,,,,,
Insert,M2,,Flanged,,https://www.tme.eu/cz/details/kvt-071m2/zavitove-vlozky/tappex/071m2/,,,,,
Socket,M2,4,,,https://www.tme.eu/cz/details/b2x4_bn11/srouby/bossard/1011804/,,,http://www.spojovaci-material.net/sp/srouby/valcova-a-zaoblena-hlava/valcova-imbus-din-912/ocel-12-9/bez-povrchove-upravy/sroub-valcova-hlava-inbus-din-912-m2x4-12-9-3438.html,,
Socket,M2,6,,,https://www.tme.eu/cz/details/b2x6_bn612/srouby/bossard/1233688/,,,http://www.spojovaci-material.net/sp/srouby/valcova-a-zaoblena-hlava/valcova-imbus-din-912/ocel-12-9/bez-povrchove-upravy/sroub-valcova-hlava-inbus-din-912-m2x6-12-9-3440.html,,
Socket,M2,6,Black,,,,,,,
Socket,M2,8,,,https://www.tme.eu/cz/details/b2x8_bn11/srouby/bossard/1011839/,,,http://www.spojovaci-material.net/sp/srouby/valcova-a-zaoblena-hlava/valcova-imbus-din-912/ocel-12-9/bez-povrchove-upravy/sroub-valcova-hlava-inbus-din-912-m2x8-12-9-3441.html,,
Socket,M2,10,,,https://www.tme.eu/cz/details/b2x10_bn11/srouby/bossard/1011847/,,,http://www.spojovaci-material.net/sp/srouby/valcova-a-zaoblena-hlava/valcova-imbus-din-912/ocel-12-9/bez-povrchove-upravy/sroub-valcova-hlava-inbus-din-912-m2x10-12-9-3442.html,,
Socket,M2,12,,,https://www.tme.eu/cz/details/b2x12_bn612/srouby/bossard/1233726/,,,http://www.spojovaci-material.net/sp/srouby/valcova-a-zaoblena-hlava/valcova-imbus-din-912/ocel-12-9/bez-povrchove-upravy/sroub-valcova-hlava-inbus-din-912-m2x12-12-9-3443.html,,
Pan,M2,16,,,https://www.tme.eu/cz/details/b2x16_bn19/srouby/bossard/1805630/,,,,,
Socket,M2,16,,,https://www.tme.eu/cz/details/b2x16_bn612/srouby/bossard/1420453/,https://www.proprumysl.cz/sroub-valcova-hlava-inbus-din-912-m2x16-nerez-a2/?gclid=CjwKCAjw1YCkBhAOEiwA5aN4AZA65729h2MsYT5LP5POWFyIwK8zYTDabBtZ5JQlI1zjs5IEnBQL-BoCknwQAvD_BwE,https://www.prumex.cz/sroub-valcova-hlava-inbus-din-912-m2x16-nerez-a2/?gclid=CjwKCAjw1YCkBhAOEiwA5aN4AcPkV48PSueuyF0rsfv1Z2nCAXOfBwfrYejo5HT4jYe4KTubOykGPBoCarEQAvD_BwE,http://www.spojovaci-material.net/sp/srouby/valcova-a-zaoblena-hlava/valcova-imbus-din-912/ocel-12-9/bez-povrchove-upravy/sroub-valcova-hlava-inbus-din-912-m2x16-12-9-3444.html,,
Socket,M2,20,,,,,,,,
Socket,M2,20,Black,,https://www.tme.eu/cz/details/b2x20_bn7/srouby/bossard/3055298/,,,,,
Flat,M2,4,,,https://www.tme.eu/cz/details/b2x4_bn4851/srouby/bossard/3271456/,,,,,
Flat,M2,8,,,https://www.tme.eu/cz/details/b2x8_bn4851/srouby/bossard/3271460/,,,,,
Washer,2.5,,,,https://www.tme.eu/cz/details/b2.5_bn715/podlozky/bossard/1777491/,,,http://www.spojovaci-material.net/sp/podlozky/ploche/din125a-pod-sestihran/ocel-100hv/bez-povrchove-upravy/podlozka-plocha-din-125a-m2-5-2-7-7164.html,,
Washer,2.5,,Plastic,,https://www.tme.eu/cz/details/b2.5_bn1074/podlozky/bossard/3139487/,,,http://www.spojovaci-material.net/sp/podlozky/ploche/din125a-pod-sestihran/plast/pa/podlozka-plocha-din-125a-m2-5-2-7-plastova-19260.html,,
Nut,M2.5,,,,https://www.tme.eu/cz/details/b2.5_bn109/matice/bossard/1088254/,,,http://www.spojovaci-material.net/sp/matice/sestihranne/presne-din-934/ocel-tridy-6/pozink/matice-din-934-m2-5-06-pozink-6739.html,,
Lock nut,M2.5,,,,https://www.tme.eu/cz/details/b2.5_bn161/matice/bossard/1094882/,,,,,
Insert,M2.5,,,,https://www.tme.eu/cz/details/kvt-001m2.5/zavitove-vlozky/tappex/300113357/,,,,,
Insert,M2.5,,Flanged,,https://www.tme.eu/cz/details/kvt-071m2.5/zavitove-vlozky/tappex/071m2-5/,,,,,
Socket,M2.5,4,,,https://www.tme.eu/cz/details/m2.5x4_d912-a2/srouby/kraftberg/,,,http://www.spojovaci-material.net/sp/srouby/valcova-a-zaoblena-hlava/valcova-imbus-din-912/ocel-12-9/bez-povrchove-upravy/sroub-valcova-hlava-inbus-din-912-m2-5x4-12-9-3446.html,,
Socket,M2.5,6,,,https://www.tme.eu/cz/details/b2.5x6_bn612/srouby/bossard/1233750/,https://www.prumex.cz/sroub-valcova-hlava-inbus-din-912-m2-5x6-nerez-a2/?gclid=CjwKCAjw1YCkBhAOEiwA5aN4AfWRszQflxqlkudUlzvd64EKSKE94NMA9aCBxCdSb7530k_VgPUedRoCghcQAvD_BwE,https://www.proprumysl.cz/sroub-valcova-hlava-inbus-din-912-m2-5x6-nerez-a2/?gclid=CjwKCAjw1YCkBhAOEiwA5aN4AY95Txjf35M8JQ21ymaHU1s-bYDkmqPKLZA8KpI4xDQMzuHeg69NgBoCDK4QAvD_BwE,http://www.spojovaci-material.net/sp/srouby/valcova-a-zaoblena-hlava/valcova-imbus-din-912/ocel-12-9/bez-povrchove-upravy/sroub-valcova-hlava-inbus-din-912-m2-5x6-12-9-3448.html,,
Socket,M2.5,4,Black,,,,,,,
Socket,M2.5,6,Black,,https://www.tme.eu/cz/details/b2.5x6_bn7/srouby/bossard/1006452/,,,,,
Socket,M2.5,8,,,https://www.tme.eu/cz/details/b2.5x8_bn11/srouby/bossard/1011898/,https://www.prumex.cz/sroub-valcova-hlava-inbus-din-912-m2-5x8-nerez-a2/?gclid=CjwKCAjw1YCkBhAOEiwA5aN4AfnBU_57c1tg2w-NT9GAoPlgDuXJMsEiKMX5IvqRJP-gN3mv0X0dXxoCWlYQAvD_BwE,https://www.proprumysl.cz/sroub-valcova-hlava-inbus-din-912-m2-5x8-nerez-a2/?gclid=CjwKCAjw1YCkBhAOEiwA5aN4AZzmT-NYYp2retLJixl7AKknmFugzKzupoiahZ6IbXChrC94O2U0zBoCo2oQAvD_BwE,http://www.spojovaci-material.net/sp/srouby/valcova-a-zaoblena-hlava/valcova-imbus-din-912/ocel-12-9/bez-povrchove-upravy/sroub-valcova-hlava-inbus-din-912-m2-5x8-12-9-3449.html,,
Socket,M2.5,10,,,https://www.tme.eu/cz/details/m2.5x10_d912-a4/srouby/kraftberg/,,,http://www.spojovaci-material.net/sp/srouby/valcova-a-zaoblena-hlava/valcova-imbus-din-912/ocel-12-9/bez-povrchove-upravy/sroub-valcova-hlava-inbus-din-912-m2-5x10-12-9-3450.html,,
Socket,M2.5,10,Black,,https://www.tme.eu/cz/details/b2.5x10_bn7/srouby/bossard/1006479/,,,,,
Socket,M2.5,12,,,https://www.tme.eu/cz/details/b2.5x12_bn11/srouby/bossard/1011928/,https://www.prumex.cz/sroub-valcova-hlava-inbus-din-912-m2-5x12-nerez-a2/?gclid=CjwKCAjw1YCkBhAOEiwA5aN4AX3_Hjq--NMsmOkgC_EunFznlDOe0uLFKXLr05EfIUsZ09ORpTYzNBoCHO0QAvD_BwE,https://www.proprumysl.cz/sroub-valcova-hlava-inbus-din-912-m2-5x12-nerez-a2/?gclid=CjwKCAjw1YCkBhAOEiwA5aN4AYUAowxneLspZGTRiBGpUb9eJ8NHQ7ZERYTOuMyLKmzMZ5X6K7BMKRoCfwkQAvD_BwE,http://www.spojovaci-material.net/sp/srouby/valcova-a-zaoblena-hlava/valcova-imbus-din-912/ocel-12-9/bez-povrchove-upravy/sroub-valcova-hlava-inbus-din-912-m2-5x12-12-9-3451.html,,
Socket,M2.5,16,,,https://www.tme.eu/cz/details/m2.5x16_d912-a2/srouby/kraftberg/,,,http://www.spojovaci-material.net/sp/srouby/valcova-a-zaoblena-hlava/valcova-imbus-din-912/ocel-12-9/bez-povrchove-upravy/sroub-valcova-hlava-inbus-din-912-m2-5x16-12-9-3452.html,,
Flat,M2.5,4,,,https://www.tme.eu/cz/details/b2.5x4_bn4719/srouby/bossard/1099906/,,,,,
Flat,M2.5,10,Black,,https://www.tme.eu/cz/details/b2.5x10_bn20/srouby/bossard/1480294/,,,,,
Flat,M2.5,16,,,,https://www.briol.cz/cs/p-42-sroub-torx-zapustna-hlava-din-7991tx?v=566_43_568_105_388&c=31911.01&gad=1&gclid=CjwKCAjwm4ukBhAuEiwA0zQxkxsVbuVVoB4fvVywGJjlNbXvFfAvKPvu7uRWqGOr7U7RvwPHP0mJwBoC-WkQAvD_BwE,,,,
Washer,3,,,,https://www.tme.eu/cz/details/b3_bn715/podlozky/bossard/1267663/,,,http://www.spojovaci-material.net/sp/podlozky/ploche/din125a-pod-sestihran/ocel-100hv/bez-povrchove-upravy/podlozka-plocha-din-125a-m3-3-2-15301.html,,
Washer,3,,Plastic,,https://www.tme.eu/cz/details/b3_bn1074/podlozky/bossard/1404830/,,,http://www.spojovaci-material.net/sp/podlozky/ploche/din125a-pod-sestihran/plast/pa/podlozka-plocha-din-125a-m3-3-2-plastova-19261.html,,
Nut,M3,,,,https://www.tme.eu/cz/details/b3_bn117/matice/bossard/1874659/,,,http://www.spojovaci-material.net/sp/matice/sestihranne/presne-din-934/ocel-tridy-8/pozink/matice-din-934-m3-08-pozink-6752.html,,
Nut,M3,,Plastic,,https://www.tme.eu/cz/details/fix-m3/matice/fix-fasten/,,,,,
Lock nut,M3,,,,https://www.tme.eu/cz/details/b3_bn161/matice/bossard/1094904/,,,http://www.spojovaci-material.net/sp/matice/sestihranne-pojistne/s-nylon-vlozkou-din-985/ocel-tridy-8/pozink/matice-samojistna-din-985-m3-06-pozink-13887.html,,
Insert,M3,,,,https://www.tme.eu/cz/details/kvt-001m3/zavitove-vlozky/tappex/300113358/,,,,,
Insert,M3,,Flanged,,https://www.tme.eu/cz/details/kvt-071m3/zavitove-vlozky/tappex/071m3/,,,,,
Socket,M3,6,,,https://www.tme.eu/cz/details/b3x6_bn3/srouby/bossard/1003755/,,,http://www.spojovaci-material.net/sp/srouby/valcova-a-zaoblena-hlava/valcova-imbus-din-912/ocel-10-9/bez-povrchove-upravy/sroub-valcova-hlava-inbus-din-912-m3x6-10-9-13644.html,,
Socket,M3,16,Black,,https://www.tme.eu/cz/details/b3x16_bn272/srouby/bossard/1000071/,,,,,
Socket,M3,8,,,https://www.tme.eu/cz/details/b3x8_bn3/srouby/bossard/1003763/,,,http://www.spojovaci-material.net/sp/srouby/valcova-a-zaoblena-hlava/valcova-imbus-din-912/ocel-10-9/bez-povrchove-upravy/sroub-valcova-hlava-inbus-din-912-m3x8-10-9-13645.html,,
Socket,M3,10,,,https://www.tme.eu/cz/details/b3x10_bn3/srouby/bossard/1003771/,,,http://www.spojovaci-material.net/sp/srouby/valcova-a-zaoblena-hlava/valcova-imbus-din-912/ocel-10-9/bez-povrchove-upravy/sroub-valcova-hlava-inbus-din-912-m3x10-10-9-13646.html,,
Socket,M3,12,,,https://www.tme.eu/cz/details/b3x12_bn3/srouby/bossard/1003798/,,,http://www.spojovaci-material.net/sp/srouby/valcova-a-zaoblena-hlava/valcova-imbus-din-912/ocel-10-9/bez-povrchove-upravy/sroub-valcova-hlava-inbus-din-912-m3x12-10-9-13647.html,,
Socket,M3,16,,,https://www.tme.eu/cz/details/b3x16_bn3/srouby/bossard/1003828/,,,http://www.spojovaci-material.net/sp/srouby/valcova-a-zaoblena-hlava/valcova-imbus-din-912/ocel-10-9/bez-povrchove-upravy/sroub-valcova-hlava-inbus-din-912-m3x16-10-9-3126.html,,
Socket,M3,20,,,https://www.tme.eu/cz/details/b3x20_bn17/srouby/bossard/3646126/,https://www.tme.eu/cz/details/b3x20_bn610/srouby/bossard/1032658/,,http://www.spojovaci-material.net/sp/srouby/valcova-a-zaoblena-hlava/valcova-imbus-din-912/ocel-8-8/bez-povrchove-upravy/sroub-valcova-hlava-inbus-din-912-m3x20-8-8-2478.html,,
Socket,M3,25,,,https://www.tme.eu/cz/details/b3x25_bn17/srouby/bossard/3646127/,,,http://www.spojovaci-material.net/sp/srouby/valcova-a-zaoblena-hlava/valcova-imbus-din-912/ocel-8-8/bez-povrchove-upravy/sroub-valcova-hlava-inbus-din-912-m3x25-8-8-2480.html,,
Socket,M3,30,,,https://www.tme.eu/cz/details/b3x30_bn17/srouby/bossard/3646128/,,,http://www.spojovaci-material.net/sp/srouby/valcova-a-zaoblena-hlava/valcova-imbus-din-912/ocel-8-8/bez-povrchove-upravy/sroub-valcova-hlava-inbus-din-912-m3x30-8-8-2481.html,,
Socket,M3,6,Black,,https://www.tme.eu/cz/details/b3x6_bn272/srouby/bossard/1000020/,,,,,
Socket,M3,8,Black,,https://www.tme.eu/cz/details/b3x8_bn272/srouby/bossard/1000039/,,,,,
Socket,M3,10,Black,,https://www.tme.eu/cz/details/b3x10_bn272/srouby/bossard/1000047/,,,,,
Socket,M3,12,Black,,https://www.tme.eu/cz/details/b3x12_bn272/srouby/bossard/1000055/,,,,,
Socket,M3,16,Black,,https://www.tme.eu/cz/details/b3x16_bn272/srouby/bossard/1000071/,,,,,
Socket,M3,20,Black,,https://www.tme.eu/cz/details/b3x20_bn272/srouby/bossard/1301799/,,,,,
Socket,M3,25,Black,,,,,,,
Socket,M3,30,Black,,https://www.tme.eu/cz/details/b3x30_bn7/srouby/bossard/1006711/,,,,,
Socket,M3,35,,,https://www.tme.eu/cz/details/m3x35_d912-a4/srouby/kraftberg/,,,http://www.spojovaci-material.net/sp/srouby/valcova-a-zaoblena-hlava/valcova-imbus-din-912/ocel-8-8/bez-povrchove-upravy/sroub-valcova-hlava-inbus-din-912-m3x35-8-8-2482.html,,
Socket,M3,40,,,https://www.tme.eu/cz/details/b3x40_bn613/srouby/bossard/1406795/,,,http://www.spojovaci-material.net/sp/srouby/valcova-a-zaoblena-hlava/valcova-imbus-din-912/ocel-8-8/bez-povrchove-upravy/sroub-valcova-hlava-inbus-din-912-m3x40-8-8-2483.html,,
Flat,M3,8,,,https://www.tme.eu/cz/details/b3x8_bn21/srouby/bossard/1022768/,,,,,
Flat,M3,12,,,https://www.tme.eu/cz/details/k3x12-iso10642-a4/srouby/kraftberg/,,,,,
Flat,M3,16,,,https://www.tme.eu/cz/details/k3x16-iso10642-a2/srouby/kraftberg/,,,,,
Flat,M3,20,,,https://www.tme.eu/cz/details/k3x20-iso10642-a2/srouby/kraftberg/,,,,,
,,,,,,,,,,
,,,,,,,,,,
Spacer,M3,10,in-out,,https://www.tme.eu/cz/details/tfm-m3x10_dr225/distancni-prvky-kovove/dremec/225x10/,,,,,
Spacer,M3,15,in-out,,https://www.tme.eu/cz/details/tfm-m3x15_dr225/distancni-prvky-kovove/dremec/225x15/,,,,,
Spacer,M3,20,in-out,,https://www.tme.eu/cz/details/tfm-m3x20_dr225/distancni-prvky-kovove/dremec/225x20/,,,,,
Spacer,M3,25,in-out,,https://www.tme.eu/cz/details/tfm-m3x25_dr225/distancni-prvky-kovove/dremec/225x25/,,,,,
Spacer,M3,30,in-out,,https://www.tme.eu/cz/details/tfm-m3x30_dr225/distancni-prvky-kovove/dremec/225x30/,,,,,
Spacer,M3,40,in-out,,https://www.tme.eu/cz/details/tfm-m3x40_dr244/distancni-prvky-kovove/dremec/244x40/,,,,,
Spacer,M3,45,in-out,,https://www.tme.eu/cz/details/tfm-m3x45_dr224/distancni-prvky-kovove/dremec/224x45/,,,,,
Spacer,M3,10,in-in,,https://www.tme.eu/cz/details/tff-m3x10_dr125/distancni-prvky-kovove/dremec/125x10/,,,,,
Spacer,M3,15,in-in,,https://www.tme.eu/cz/details/tff-m3x15_dr144/distancni-prvky-kovove/dremec/144x15/,,,,,
Spacer,M3,20,in-in,,https://www.tme.eu/cz/details/tff-m3x20_dr125/distancni-prvky-kovove/dremec/125x20/,,,,,
Spacer,M3,25,in-in,,https://www.tme.eu/cz/details/tff-m3x25_dr125/distancni-prvky-kovove/dremec/125x25/,,,,,
Spacer,M3,30,in-in,,https://www.tme.eu/cz/details/tff-m3x30_dr124/distancni-prvky-kovove/dremec/124x30/,,,,,
Spacer,M3,35,in-in,,,,,,,
Spacer,M3,40,in-in,,https://www.tme.eu/cz/details/tff-m3x40_dr124/distancni-prvky-kovove/dremec/124x40/,,,,,
Spacer,M3,45,in-in,,https://www.tme.eu/cz/details/tff-m3x45_dr124/distancni-prvky-kovove/dremec/124x45/,,,,,
Washer,4,,,,https://www.tme.eu/cz/details/b4_bn715/podlozky/bossard/1887505/,,,http://www.spojovaci-material.net/sp/podlozky/ploche/din125a-pod-sestihran/ocel-100hv/bez-povrchove-upravy/podlozka-plocha-din-125a-m4-4-3-7165.html,,
Nut,M4,,,,https://www.tme.eu/cz/details/b4_bn117/matice/bossard/1089552/,,,,,
Lock nut,M4,,,,https://www.tme.eu/cz/details/b4_bn161/matice/bossard/1094920/,,,,,
Socket,M4,6,,,https://www.tme.eu/cz/details/b4x6_bn3/srouby/bossard/1003895/,,,http://www.spojovaci-material.net/sp/srouby/valcova-a-zaoblena-hlava/valcova-imbus-din-912/ocel-8-8/bez-povrchove-upravy/sroub-valcova-hlava-inbus-din-912-m4x6-8-8-2484.html,,
Socket,M4,6,Black,,https://www.tme.eu/cz/details/b4x6_bn7/srouby/bossard/1006819/,,,,,
Socket,M4,10,,,https://www.tme.eu/cz/details/b4x10_bn3/srouby/bossard/1003917/,,,http://www.spojovaci-material.net/sp/srouby/valcova-a-zaoblena-hlava/valcova-imbus-din-912/ocel-8-8/bez-povrchove-upravy/sroub-valcova-hlava-inbus-din-912-m4x10-8-8-2486.html,,
Socket,M4,20,,,https://www.tme.eu/cz/details/b4x20_bn3/srouby/bossard/1003976/,,,http://www.spojovaci-material.net/sp/srouby/valcova-a-zaoblena-hlava/valcova-imbus-din-912/ocel-8-8/bez-povrchove-upravy/sroub-valcova-hlava-inbus-din-912-m4x20-8-8-2491.html,,
Socket,M4,25,,,https://www.tme.eu/cz/details/b4x25_bn3/srouby/bossard/1301713/,,,http://www.spojovaci-material.net/sp/srouby/valcova-a-zaoblena-hlava/valcova-imbus-din-912/ocel-8-8/bez-povrchove-upravy/sroub-valcova-hlava-inbus-din-912-m4x25-8-8-2493.html,,
Socket,M4,35,,,https://www.tme.eu/cz/details/b4x35_bn4/srouby/bossard/1004026/,,,http://www.spojovaci-material.net/sp/srouby/valcova-a-zaoblena-hlava/valcova-imbus-din-912/ocel-8-8/bez-povrchove-upravy/sroub-valcova-hlava-inbus-din-912-m4x35-8-8-2495.html,,
Socket,M4,40,,,https://www.tme.eu/cz/details/m4x40_d912-a2/srouby/kraftberg/,,,http://www.spojovaci-material.net/sp/srouby/valcova-a-zaoblena-hlava/valcova-imbus-din-912/ocel-8-8/bez-povrchove-upravy/sroub-valcova-hlava-inbus-din-912-m4x40-8-8-2496.html,,
Socket,M5,12,,,https://www.tme.eu/cz/details/b4x12_bn3/srouby/bossard/1003925/,,,,,
Socket,M4,16,,,https://www.tme.eu/cz/details/b4x16_bn3/srouby/bossard/1003941/,,,,,
Screw,2.5,6,Pan,,https://www.tme.eu/cz/details/b2.5x6_bn20173/vruty/bossard/3304803/,,,,,
Screw,2.5,8,Pan,,https://www.tme.eu/cz/details/b2.5x8_bn20173/vruty/bossard/3304804/,,,,,
Screw,2.5,5,Pan,,https://www.tme.eu/cz/details/b2.5x5_bn20173/vruty/bossard/3304802/,,,,,
Screw,3,6,Pan,,https://www.tme.eu/cz/details/b3x6_bn13916/vruty/bossard/2027534/,,,,,
Screw,3,10,Pan,,https://www.tme.eu/cz/details/b3x10_bn13916/vruty/bossard/2027550/,,,,,
Screw,3,20,Pan,,https://www.tme.eu/cz/details/b3x20_bn13916/vruty/bossard/3271302/,,,,,
Screw,3,10,Flat,,https://www.tme.eu/cz/details/b3x10_bn2041/vruty/bossard/3757659/,,,,,
Screw,3,16,Flat,,https://www.tme.eu/cz/details/b3x16_bn2041/vruty/bossard/3757663/,,,,,
Screw,3,25,Flat,,https://www.tme.eu/cz/details/b3x25_bn2041/vruty/bossard/3757665/,,,,,
Screw,4,45,Flat,,,,,,,
Pan,M5,30,,,,,,,,
Pan,M3,10,,,,,,,,
Socket,M3,15,Black,,,,,,,
Secure,M3,6,,,,,,,,
Pan,M2.5,10,,,,,,,,
Pan,M3,10,,,https://www.tme.eu/cz/details/b3x10_bn6404/srouby/bossard/1983393/,,,,,
Pan,M3,20,,,https://www.tme.eu/cz/details/b3x20_bn6404/srouby/bossard/3055580/,,,,,
Pan,M3,40,,,,,,,,
Pan,M4,6,Black,,,,,,,
Pan,M3,10,Plastic,,https://www.tme.eu/cz/details/dr8g206m3x10/srouby/dremec/8g206m3x10/,,,,,
Pan,M3,16,Plastic,,https://www.tme.eu/cz/details/dr8g206m3x16/srouby/dremec/8g206m3x16/,,,,,
Pan,M3,20,Plastic,,https://www.tme.eu/cz/details/dr8g206m3x20/srouby/dremec/8g206v50083/,,,,,
Flat,M3,8,Plastic,,https://www.tme.eu/cz/details/dr8g202m3x8/srouby/dremec/8g202m3x08/,,,,,
Rivet,3,3.5,Plastic,,https://www.tme.eu/cz/details/dr8g4013.0x2.0b/nyty/dremec/8g401v20053/,,,,,
Rivet,3,4.5,Plastic,,https://www.tme.eu/cz/details/dr8g4013.0x3.0w/nyty/dremec/8g4013-0x3-0w/,,,,,
Rivet,3,5.5,Plastic,,https://www.tme.eu/cz/details/dr8g4013.0x4.0b/nyty/dremec/8g4013-0x4-0b/,,,,,
Rivet,3,6.5,Plastic,,https://www.tme.eu/cz/details/dr8g4013.0x5.0b/nyty/dremec/8g401v20071/,,,,,
Rivet,M3,,,,,,,,,
Nut,M6,,,,https://www.tme.eu/cz/details/b6_bn117/matice/bossard/1874748/,,,,,
Nut,M6,,Winged,,https://www.tme.eu/cz/details/b6_bn208/matice/bossard/1099183/,,,,,
Pan,M6,16,,,,,,,,
Spacer,M3,10,in-in Plastic,,https://www.tme.eu/cz/details/tff-m3x10_dr185/distancni-sloupky-plastove/dremec/185x10/,,,,,
Spacer,M3,15,in-in Plastic,,https://www.tme.eu/cz/details/tff-m3x15_dr185/distancni-sloupky-plastove/dremec/185x15/,,,,,
Spacer,M3,20,in-in Plastic,,https://www.tme.eu/cz/details/tff-m3x20_dr185/distancni-sloupky-plastove/dremec/185x20/,,,,,
Spacer,M3,30,in-in Plastic,,https://www.tme.eu/cz/details/tff-m3x30_dr185/distancni-sloupky-plastove/dremec/185x30/,,,,,
Spacer,M3,40,in-in Plastic,,https://www.tme.eu/cz/details/tff-m3x40_dr185/distancni-sloupky-plastove/dremec/185x40/,,,,,
Spacer,M3,10,in-out Plastic,,https://www.tme.eu/cz/details/tfm-m3x10_dr285/distancni-sloupky-plastove/dremec/285x10/,,,,,
Spacer,M3,15,in-out Plastic,,https://www.tme.eu/cz/details/tfm-m3x15_dr285/distancni-sloupky-plastove/dremec/285x15/,,,,,
Spacer,M3,20,in-out Plastic,,https://www.tme.eu/cz/details/tfm-m3x20_dr285/distancni-sloupky-plastove/dremec/285x20/,,,,,
Female,Header,2.54,Straight,PH,https://www.tme.eu/cz/details/zl262-40sg/konektory-hrebinky/connfly/ds1023-1-40s21/,,,,,
Male,Header,2.54,Straight,PH,https://www.tme.eu/cz/details/zl201-40g/konektory-hrebinky/connfly/ds1021-1-40sf11-b/,,,,,
Male,Header,2.54,Angled,PH,https://www.tme.eu/cz/details/zl211-40kg/konektory-hrebinky/connfly/ds1022-1-40rdf11-b/,,,,,
Female,Header,2,Straight,PH,https://www.tme.eu/cz/details/zl265-20sg/konektory-hrebinky/connfly/ds1026-01-1-20s8bv/,,,,,
Male,Header,2,Straight,PH,https://www.tme.eu/cz/details/zl303-40p/konektory-hrebinky/connfly/ds1025-01-1-40p8bv1-b/,,,,,
Male,Header,2,Angled,PH,https://www.tme.eu/cz/details/zl310-40p/konektory-hrebinky/connfly/ds1025-02-1-40p8br1/,,,,,
Female,PicoBlade,,4 pin,PB,https://www.tme.eu/cz/details/mx-53047-0410/signalove-konektory-raster-1-25mm/molex/530470410/,,,,,
Cable,PicoBlade,,4 pin,PB,https://www.tme.eu/cz/details/mx-15134-0400/signalove-konektory-raster-1-25mm/molex/151340400/,https://www.tme.eu/cz/details/mx-15134-0401/signalove-konektory-raster-1-25mm/molex/151340401/,,,,
Male,JST GHR,,6 pin,JST,https://www.tme.eu/cz/details/bm06b-ghs-tbt/signalove-konektory-raster-1-25mm/jst/bm06b-ghs-tbt-lf-sn-n/,,,,,
Male,JST GHR,,10 pin,JST,https://www.tme.eu/cz/details/bm10b-ghs-tbt/signalove-konektory-raster-1-25mm/jst/bm10b-ghs-tbt-lf-sn-n/,,,,,
Female,JST GHR,,,JST,,,,,,
Cable,JST GHR,,,JST,,,,,,
Pins,JST GHR,,,JST,,,,,,
Mix,PicoBlade,,,PB,,,,,,
Cable,Header,,,PH,,,,,,
Cable,JST-Header,,,JST-PH,,,,,,
Board,JST-I2C,,,JST,,,,,,
Male,RJ45,,,RJ,https://www.tme.eu/cz/details/c0020-88ranj40r/konektory-rj/hsm/,,,,,
Male,XT90,,,XT,https://www.tme.eu/cz/details/xt90h-f/konektory-dc/amass/,,,,,
Female,XT90,,,XT,https://www.tme.eu/cz/details/xt90h-m/konektory-dc/amass/,,,,,
Male,XT60,,,XT,https://www.tme.eu/cz/details/xt60h-m/konektory-dc/amass/,,,,,
Female,XT60,,,XT,https://www.tme.eu/cz/details/xt60h-f/konektory-dc/amass/,,,,,
Male,XT30,,,XT,https://www.tme.eu/cz/details/xt30u-m/konektory-dc/amass/,,,,,
Female,XT30,,,XT,https://www.tme.eu/cz/details/xt30u-f/konektory-dc/amass/,,,,,
Cable,DC 5.5x2.5,,Angled,DC,https://www.tme.eu/cz/details/dc.cab.2601.0020/dc-napajeci-kabely/bq-cable/,,,,,
Nails,1.5,25,,,,,,,,
Bearing,8,11,Plastic,,,,,,,
,Lenses,,,lenses,,,,,,
,Mix,,,,,,,,,
,Mix,,,,,,,,,
Female,XT90,,Angled,XT,,,,,,
Female,XT60,,Angled,XT,,,,,,
Pan,M2.5,30,,,,,,,,
Pan,M2.5,25,,,,,,,,
Pan,M2.5,25,,,,,,,,
Pan,M2.5,20,,,,,,,,
Socket,M3,30,,,,,,,,
,Plug,,,DEANS,,,,,,
,,,,FTDI,,,,,,
,3.3V <> 5V,,Converter,,,,,,,
Insert,M3,,Soldered,,,,,,,
,,,,Wago,,,,,,
Spacer,M3,60,in-out Plastic,,,,,,,
Spacer,M3,35,in-out,,,,,,,
Pin,3,30,,,,,,,,
Pin,4,20,,,,,,,,
,,,,Terminals,,,,,,
Terminal,DC 5.5x2.5,,,DC,,,,,,
Blind rivet,4,10,,,,,,,,
Drill Insert,3.1,,,,,,,,,
,AP64501,,,,,,,,,
,Resistor,,,,,,,,,
,Capacitor,,,,,,,,,
,Diode,,,,,,,,,
Male,XT90,,,XT,,,,,,
Bearing,4,16,,,,,,,,
,Switch,,,,,,,,,
,Arduino,,,,,,,,,
,Magnet,,,,,,,,,
,,,,,,,,,,
,,,,,,,,,,
,,,,,,,,,,
silicon cable ,16awg,,,,https://www.bighobby.cz/silikonovy-kabel-16awg--1-29mm--red/,,,,,
IPEX-SMA-150 ONTECK - Kabel,,,,,https://www.tme.eu/cz/details/ipex-sma-150/propojovaci-koaxialni-kabely/onteck/,,,,,https://cz.mouser.com/ProductDetail/Adam-Tech/CA-DKCA1-305L0-AJI5?qs=HoCaDK9Nz5dE6qysq5UhYQ%3D%3D
Screw,M3,8,černý půlkulatý,,https://www.caxtool.com/cz/sroub-imbus-pulkulata-hlava-m3x8-cerny,,,,,
Screw ,M3,20,černý půlkulatý,,https://www.caxtool.com/cz/sroub-imbus-pulkulata-hlava-m3x20-cerny?srsltid=AfmBOookNpRDl-gSNA7hpFjwLdH0B7y7Fq2FEONucVWGQefXTZZmtj2l,,,,,
Screw ,M3,10,černý pnebo normální půlkulatý,,https://www.caxtool.com/cz/sroub-imbus-pulkulata-hlava-m3x10-cerny,,,,,
Screw,M3,30,zapuštěný černý nebo normální ,,https://www.tme.eu/cz/details/k3x30-iso10642-a2/srouby/kraftberg/,,,,,
Screw,M3,10,zapuštěný černý,,https://www.tme.eu/cz/details/b3x10_bn2107/srouby/bossard/9011940/,,,,https://www.tme.eu/cz/details/b3x10_bn2110/srouby/bossard/9012082/,
,,,,,,,,,,
Screw,"M2,5",10,zapuštěný černý,,https://www.tme.eu/cz/details/b2.5x10_bn20/srouby/bossard/1480294/,,,,,
,,,,,,,,,,
Screw,M2,20,černý,,,,,,,